{
  "project_info": {
    "project_number": "22570193864",
    "firebase_url": "https://soen390teamfandroidswiki-383a4.firebaseio.com",
    "project_id": "soen390teamfandroidswiki-383a4",
    "storage_bucket": "soen390teamfandroidswiki-383a4.appspot.com"
  },
  "client": [
    {
      "client_info": {
        "mobilesdk_app_id": "1:22570193864:android:e10a8bed8dc677ef",
        "android_client_info": {
          "package_name": "org.wikipedia.dev"
        }
      },
      "oauth_client": [
        {
          "client_id": "22570193864-7i9d4i67ekqlbt7cqvbupcj3h8fbv897.apps.googleusercontent.com",
          "client_type": 1,
          "android_info": {
            "package_name": "org.wikipedia.dev",
            "certificate_hash": "794c4ebbe1edb4f0943b2cf3b7404ea5e29e5f41"
          }
        },
        {
          "client_id": "22570193864-19sa8vv9vmnnhhhdfcc9mm4ln34ip60n.apps.googleusercontent.com",
          "client_type": 3
        }
      ],
      "api_key": [
        {
          "current_key": "AIzaSyDDTyl9bjEIFzKHJHjwAE4sUUunhWkkz0E"
        }
      ],
      "services": {
        "analytics_service": {
          "status": 1
        },
        "appinvite_service": {
          "status": 2,
          "other_platform_oauth_client": [
            {
              "client_id": "22570193864-19sa8vv9vmnnhhhdfcc9mm4ln34ip60n.apps.googleusercontent.com",
              "client_type": 3
            }
          ]
        },
        "ads_service": {
          "status": 2
        }
      }
    }
  ],
  "configuration_version": "1"
}