{
  "ns": 0,
  "id": 89894,
  "revision": "338423",
  "lastmodified": "2017-11-02T11:41:40Z",
  "lastmodifier": {
    "user": "Mobrovac-WMF",
    "gender": "unknown"
  },
  "displaytitle": "Barack Obama",
  "normalizedtitle": "Barack Obama",
  "protection": {},
  "editable": true,
  "languagecount": 0,
  "image": {
    "file": "President_Barack_Obama.jpg",
    "urls": {
      "320": "https://upload.wikimedia.org/wikipedia/commons/thumb/8/8d/President_Barack_Obama.jpg/320px-President_Barack_Obama.jpg",
      "640": "https://upload.wikimedia.org/wikipedia/commons/thumb/8/8d/President_Barack_Obama.jpg/640px-President_Barack_Obama.jpg",
      "800": "https://upload.wikimedia.org/wikipedia/commons/thumb/8/8d/President_Barack_Obama.jpg/800px-President_Barack_Obama.jpg",
      "1024": "https://upload.wikimedia.org/wikipedia/commons/thumb/8/8d/President_Barack_Obama.jpg/820px-President_Barack_Obama.jpg"
    }
  },
  "spoken": {
    "files": [
      "File:Barack Obama.ogg"
    ]
  },
  "hatnotes": [
    "\"Barack\" and \"Obama\" redirect here. For his father, see <span class=\"new\">Barack Obama, Sr</span>.<span> </span>For other uses of \"Barack\", see <span class=\"new\">Barack (disambiguation)</span>.<span> </span>For other uses of \"Obama\", see <span class=\"new\">Obama (disambiguation)</span>."
  ],
  "sections": [
    {
      "id": 0,
      "text": "<span><p><b>Barack Hussein Obama II</b> (<span><span class=\"ipa_button\"></span><span class=\"nowrap mcs-ipa\" style=\"display: none;\"><small><span class=\"new\">US</span> </small><span class=\"noexcerpt\"><figure-inline><a href=\"//upload.wikimedia.org/wikipedia/commons/8/82/En-us-Barack-Hussein-Obama.ogg\" class=\"image\"><img src=\"//upload.wikimedia.org/wikipedia/commons/thumb/3/3b/Speakerlink-new.svg/11px-Speakerlink-new.svg.png\" data-file-type=\"drawing\" height=\"11\" width=\"11\" srcset=\"//upload.wikimedia.org/wikipedia/commons/thumb/3/3b/Speakerlink-new.svg/22px-Speakerlink-new.svg.png 2x, //upload.wikimedia.org/wikipedia/commons/thumb/3/3b/Speakerlink-new.svg/17px-Speakerlink-new.svg.png 1.5x\"></a></figure-inline><sup><span class=\"IPA\" style=\"color:#00e;font:bold 80% sans-serif;padding:0 .1em\"><a href=\"/wiki/File:En-us-Barack-Hussein-Obama.ogg\" title=\"File:En-us-Barack-Hussein-Obama.ogg\">i</a></span></sup></span><span class=\"IPA nopopups\"><span class=\"new\">/<span style=\"border-bottom:1px dotted\"><span>b</span><span>ə</span><span>ˈ</span><span>r</span><span>ɑː</span><span>k</span></span> <span style=\"border-bottom:1px dotted\"><span>h</span><span>uː</span><span>ˈ</span><span>s</span><span>eɪ</span><span>n</span></span> <span style=\"border-bottom:1px dotted\"><span>oʊ</span><span>ˈ</span><span>b</span><span>ɑː</span><span>m</span><span>ə</span></span>/</span></span></span></span>;<span class=\"mw-ref\" id=\"cite_ref-2\"><a href=\"#cite_note-2\" style=\"counter-reset: mw-Ref 2;\"><span class=\"mw-reflink-text\">[2]</span></a></span><span class=\"mw-ref\" id=\"cite_ref-3\"><a href=\"#cite_note-3\" style=\"counter-reset: mw-Ref 3;\"><span class=\"mw-reflink-text\">[3]</span></a></span> born August 5, 1961) is an <span class=\"new\">American</span> politician serving as the <span class=\"new\">44th</span> <span class=\"new\">President of the United States</span>, the <span class=\"new\">first</span> <span class=\"new\">African American</span> to hold the office. Born in <span class=\"new\">Honolulu, Hawaii</span>, Obama is a graduate of <span class=\"new\">Columbia University</span> and <span class=\"new\">Harvard Law School</span>, where he served as president of the <i><span class=\"new\">Harvard Law Review</span></i>. He was a <span class=\"new\">community organizer</span> in <span class=\"new\">Chicago</span> before earning his <span class=\"new\">law degree</span>. He worked as a <span class=\"new\">civil rights</span> attorney and taught <span class=\"new\">constitutional law</span> at <span class=\"new\">University of Chicago Law School</span> between 1992 and 2004. He <span class=\"new\">served three terms</span> representing the 13th District in the <span class=\"new\">Illinois Senate</span> from 1997 to 2004, and <span class=\"new\">ran unsuccessfully</span> in the Democratic primary for the <span class=\"new\">United States House of Representatives</span> in 2000 against incumbent <span class=\"new\">Bobby Rush</span>.</p></span><div role=\"note\" class=\"hatnote\">\"Barack\" and \"Obama\" redirect here. For his father, see <span class=\"new\">Barack Obama, Sr</span>.<span> </span>For other uses of \"Barack\", see <span class=\"new\">Barack (disambiguation)</span>.<span> </span>For other uses of \"Obama\", see <span class=\"new\">Obama (disambiguation)</span>.</div>\n\n<p class=\"skipped\">\n\n\n\n</p>\n<span>\n</span><table class=\"infobox vcard \" style=\"width: 22em\">\n<tbody><tr><th colspan=\"2\" class=\"n\" style=\"text-align: center; font-size: 125%;\"><span class=\"fn\">Barack Obama</span></th></tr>\n<tr>\n<td colspan=\"2\" style=\"text-align: center\"> <figure-inline class=\"mw-default-size\"><a href=\"/wiki/File:President_Barack_Obama.jpg\" class=\"image\"><img src=\"//upload.wikimedia.org/wikipedia/commons/thumb/8/8d/President_Barack_Obama.jpg/220px-President_Barack_Obama.jpg\" data-file-type=\"bitmap\" height=\"275\" width=\"220\" srcset=\"//upload.wikimedia.org/wikipedia/commons/thumb/8/8d/President_Barack_Obama.jpg/440px-President_Barack_Obama.jpg 2x, //upload.wikimedia.org/wikipedia/commons/thumb/8/8d/President_Barack_Obama.jpg/330px-President_Barack_Obama.jpg 1.5x\"></a></figure-inline></td></tr>\n<tr>\n\n\n\n\n\n\n\n\n<th colspan=\"2\" style=\"background-color: lavender; text-align: center\"> <span class=\"new\">44th</span> <span class=\"new\">President of the United States</span></th></tr>\n<tr>\n\n\n\n\n\n\n\n\n<td colspan=\"2\" style=\"text-align:center; background-color: lavender\"> <b><span class=\"new\">Incumbent</span></b></td></tr>\n<tr>\n<td colspan=\"2\" style=\"text-align:center\"><span class=\"nowrap\"><b>Assumed office</b></span><span> </span><br>January 20, 2009</td></tr>\n<tr>\n\n\n\n\n\n\n\n\n\n\n\n\n<th style=\"text-align:left;\"> <span class=\"nowrap\">Vice President</span></th>\n<td> <span class=\"new\">Joe Biden</span></td></tr>\n<tr>\n\n\n\n\n\n\n\n\n\n\n\n\n\n\n\n\n<th style=\"text-align:left;\"> <span class=\"nowrap\">Preceded by</span></th>\n<td> <span class=\"new\">George W. Bush</span></td></tr>\n\n<tr>\n\n\n<th colspan=\"2\" style=\"background-color: lavender; text-align: center\"> <span class=\"new\">United States Senator</span><br>from <span class=\"new\">Illinois</span></th></tr>\n<tr>\n\n\n\n\n\n\n\n\n\n<td colspan=\"2\" style=\"border-bottom:none; text-align:center\"><span class=\"nowrap\"><b>In office</b></span><br>January 3, 2005<span>&nbsp;</span>–<span> </span>November 16, 2008</td></tr>\n<tr>\n\n\n\n\n\n\n\n\n\n\n\n\n\n\n\n\n\n\n\n\n\n\n\n\n\n\n\n\n\n<th style=\"text-align:left;\"> <span class=\"nowrap\">Preceded by</span></th>\n<td> <span class=\"new\">Peter Fitzgerald</span></td></tr>\n<tr>\n<th style=\"text-align:left;\"> <span class=\"nowrap\">Succeeded by</span></th>\n<td> <span class=\"new\">Roland Burris</span></td></tr>\n<tr>\n\n\n<th colspan=\"2\" style=\"background-color: lavender; text-align: center\"> Member of the <span class=\"new\">Illinois Senate</span><br>from the 13th district</th></tr>\n<tr>\n\n\n\n\n\n\n\n\n\n<td colspan=\"2\" style=\"border-bottom:none; text-align:center\"><span class=\"nowrap\"><b>In office</b></span><br>January 8, 1997<span>&nbsp;</span>–<span> </span>November 4, 2004</td></tr>\n<tr>\n\n\n\n\n\n\n\n\n\n\n\n\n\n\n\n\n\n\n\n\n\n\n\n\n\n\n\n\n\n<th style=\"text-align:left;\"> <span class=\"nowrap\">Preceded by</span></th>\n<td> <span class=\"new\">Alice Palmer</span></td></tr>\n<tr>\n<th style=\"text-align:left;\"> <span class=\"nowrap\">Succeeded by</span></th>\n<td> <span class=\"new\">Kwame Raoul</span></td></tr>\n\n\n\n\n\n\n\n\n\n\n\n\n\n\n\n\n\n\n\n\n\n\n\n\n\n\n\n\n\n\n\n\n\n\n\n\n\n\n\n\n\n\n\n\n\n\n\n\n\n\n\n\n\n\n\n\n\n\n\n\n\n\n\n\n\n\n\n\n\n\n\n\n\n\n\n\n\n\n\n\n\n\n\n\n\n\n\n\n\n\n\n\n\n\n\n\n\n\n\n\n\n\n\n\n\n\n\n\n\n\n\n\n\n\n\n\n\n\n\n\n\n\n\n\n\n\n\n\n\n\n\n\n\n\n\n\n\n\n\n\n\n\n\n\n\n\n\n\n\n\n\n\n\n\n\n\n\n\n\n\n\n\n\n\n\n\n\n\n\n\n\n\n\n\n\n\n\n\n\n\n\n\n\n\n\n\n\n\n\n\n\n\n\n\n\n\n\n\n\n\n\n\n\n\n\n\n\n\n\n\n\n\n\n\n\n\n\n\n\n\n\n\n\n\n\n\n\n\n\n\n\n\n\n\n\n\n\n\n\n\n\n\n\n\n\n\n\n\n\n\n\n\n\n\n\n\n\n\n\n\n\n\n\n\n\n\n\n\n\n\n\n\n\n\n\n\n\n\n\n\n\n\n\n\n\n\n\n\n\n\n\n\n\n\n\n\n\n\n\n\n\n\n\n\n\n\n\n\n\n\n\n\n\n\n\n\n\n\n\n\n\n\n\n\n\n\n\n\n\n\n\n\n\n\n\n\n\n\n\n\n\n\n\n\n\n\n\n\n\n\n\n\n\n\n\n\n\n\n\n\n\n\n\n\n\n\n\n\n\n\n\n\n\n\n\n\n\n\n\n\n\n\n\n\n\n\n\n\n\n\n\n\n\n\n\n\n\n\n\n\n\n\n\n\n\n\n\n\n\n\n\n\n\n\n\n\n\n\n\n\n\n\n\n\n\n\n\n\n\n\n\n\n\n\n\n\n\n\n\n\n\n\n\n\n\n\n\n\n\n\n\n\n\n\n\n\n\n\n\n\n\n\n\n\n\n\n\n\n\n\n\n\n\n\n\n\n\n\n\n\n\n\n\n\n\n\n\n\n\n\n\n\n\n\n\n\n\n\n\n\n\n\n\n\n\n\n\n\n\n\n\n\n\n\n\n\n\n\n\n\n\n\n\n\n\n\n\n\n\n\n\n\n\n\n\n\n\n\n\n\n\n\n\n\n\n\n\n\n\n\n\n\n\n\n\n\n\n\n\n\n\n\n\n\n\n\n\n\n\n\n\n\n\n\n\n\n\n\n\n\n\n\n\n\n\n\n\n\n\n\n\n\n\n\n\n\n<tr>\n\n<th colspan=\"2\" style=\"background-color: lavender; text-align: center\"> Personal details</th></tr>\n<tr>\n\n<th style=\"text-align:left;\"> Born</th>\n<td> <span class=\"nickname\">Barack Hussein Obama II</span><br><span style=\"display:none\"> (<span class=\"bday\">1961-08-04</span>) </span>August 4, 1961<span class=\"noprint ForceAgeToShow\"> (age<span>&nbsp;</span>56)</span><br><span class=\"new\">Honolulu</span>, <span class=\"new\">Hawaii</span>, U.S.</td></tr>\n<tr>\n\n\n\n<th style=\"text-align:left;\"> Nationality</th>\n<td> <span class=\"new\">American</span></td></tr>\n<tr>\n<th style=\"text-align:left;\"> Political party</th>\n<td> <span class=\"new\">Democratic</span></td></tr>\n<tr>\n\n<th style=\"text-align:left;\"> Spouse(s)</th>\n<td> <span class=\"new\">Template:Marriage</span></td></tr>\n<tr>\n\n\n<th style=\"text-align:left;\"> Children</th>\n<td> <div class=\"plainlist \">\n<ul><li> Malia (b. 1998)</li>\n<li> Sasha (b. 2001)</li></ul>\n\n</div></td></tr>\n<tr>\n<th style=\"text-align:left;\"> Residence</th>\n<td class=\"label\"> <span class=\"new\">White House</span>, <span class=\"new\">Washington, D.C.</span><br><span class=\"new\">Kenwood</span>, <span class=\"new\">Chicago</span>, U.S.<span class=\"mw-ref\" id=\"cite_ref-1\"><a href=\"#cite_note-1\" style=\"counter-reset: mw-Ref 1;\"><span class=\"mw-reflink-text\">[1]</span></a></span></td></tr>\n<tr>\n<th style=\"text-align:left;\"> <span class=\"new\">Alma mater</span></th>\n<td> <div class=\"plainlist \">\n<ul><li> <span class=\"new\">Occidental College</span></li>\n<li> <span class=\"new\">Columbia University</span> <small>(<span class=\"new\">BA</span>)</small></li>\n<li> <span class=\"new\">Harvard Law School</span> <small>(<span class=\"new\">JD</span>)</small></li></ul>\n\n</div></td></tr>\n<tr>\n\n\n\n\n\n<th style=\"text-align:left;\"> Religion</th>\n<td> <span class=\"new\">Protestantism</span></td></tr>\n<tr>\n\n\n\n\n\n<th style=\"text-align:left;\"> Signature</th>\n<td> <figure-inline><a href=\"/wiki/File:Barack_Obama_signature.svg\" class=\"image\"><img src=\"//upload.wikimedia.org/wikipedia/commons/thumb/1/11/Barack_Obama_signature.svg/128px-Barack_Obama_signature.svg.png\" data-file-type=\"drawing\" height=\"31\" width=\"128\" srcset=\"//upload.wikimedia.org/wikipedia/commons/thumb/1/11/Barack_Obama_signature.svg/256px-Barack_Obama_signature.svg.png 2x, //upload.wikimedia.org/wikipedia/commons/thumb/1/11/Barack_Obama_signature.svg/192px-Barack_Obama_signature.svg.png 1.5x\"></a></figure-inline></td></tr>\n<tr>\n<th style=\"text-align:left;\"> Website</th>\n<td> <span class=\"plainlinks\" dir=\"ltr\">{{{url}}}</span></td></tr>\n<tr>\n<th colspan=\"2\" style=\"background-color: lavender; text-align: center\"> Military service</th></tr>\n<tr>\n\n\n\n\n\n\n\n\n<th style=\"text-align:left;\"> Awards</th>\n<td> <span class=\"new\">Nobel Peace Prize</span> <small>(<span class=\"new\">2009</span>)</small></td></tr>\n\n\n\n\n\n\n\n\n</tbody></table>\n<span>\n</span><table class=\"infobox vcard\" style=\"width: 22em; padding:0.3em; padding-bottom:0em;\" cellspacing=\"0\">\n<tbody><tr><td style=\"background:#9BF; vertical-align:middle; padding:0.4em;\" width=\"30px\"> <figure-inline class=\"mw-image-border\"><span><img src=\"//upload.wikimedia.org/wikipedia/commons/thumb/b/b2/Barack-Obama-portrait-PD.jpeg/30px-Barack-Obama-portrait-PD.jpeg\" data-file-type=\"bitmap\" height=\"39\" width=\"30\" srcset=\"//upload.wikimedia.org/wikipedia/commons/thumb/b/b2/Barack-Obama-portrait-PD.jpeg/60px-Barack-Obama-portrait-PD.jpeg 2x, //upload.wikimedia.org/wikipedia/commons/thumb/b/b2/Barack-Obama-portrait-PD.jpeg/45px-Barack-Obama-portrait-PD.jpeg 1.5x\"></span></figure-inline></td>\n<th style=\"text-align:center; background:#9BF; width:100%; vertical-align:middle;\"> This article is part of a series on<br><span class=\"vcard\"><span class=\"fn\"><a href=\"/wiki/Barack_Obama\" title=\"Barack Obama\">Barack Obama</a></span></span></th></tr>\n<tr>\n<td colspan=\"2\" class=\"hlist\" style=\"text-align: center; padding:0.5em 0em;\">\n<ul><li> <span class=\"new\">Background</span></li>\n<li> <span class=\"new\">Illinois Senate</span></li>\n<li> <span class=\"new\">US Senate</span></li></ul>\n\n<ul><li> <span class=\"new\">Political positions</span></li>\n<li> <span class=\"new\">Public image</span></li>\n<li> <span class=\"new\">Family</span></li></ul>\n\n<ul><li> <span class=\"new\">2008 primaries</span></li>\n<li> <span class=\"new\">Obama–Biden campaign</span></li></ul>\n\n<ul><li> <span class=\"new\">Transition</span></li>\n<li> <span class=\"new\">1st inauguration</span></li>\n<li> <span class=\"new\">Electoral history</span></li>\n<li> <span class=\"new\">Presidency</span>\n<ul><li> <span class=\"new\">Timeline '09</span></li>\n<li> <span class=\"new\">'10</span></li>\n<li> <span class=\"new\">'11</span></li>\n<li> <span class=\"new\">'12</span></li></ul></li>\n<li> <span class=\"new\">First 100 days</span></li>\n<li> <span class=\"new\">Nobel Peace Prize</span></li>\n<li> <span class=\"new\">Re-election campaign</span></li>\n<li> <span class=\"new\">2nd inauguration</span></li></ul></td></tr>\n</tbody></table>\n\n\n<p>In 2004, Obama received national attention during his <span class=\"new\">campaign to represent Illinois</span> in the <span class=\"new\">United States Senate</span> with his victory in the March <span class=\"new\">Democratic Party</span> <span class=\"new\">primary</span>, his <span class=\"new\">keynote address</span> at the <span class=\"new\">Democratic National Convention</span> in July, and his election to the Senate in November. He began his presidential campaign in 2007 and, after <span class=\"new\">a close primary campaign</span> against <span class=\"new\">Hillary Rodham Clinton</span> in 2008, he won sufficient delegates in the <span class=\"new\">Democratic Party primaries</span> to receive the presidential nomination. He then defeated <span class=\"new\">Republican</span> nominee <span class=\"new\">John McCain</span> in the <span class=\"new\">general election</span>, and was <span class=\"new\">inaugurated as president</span> on January 20, 2009. Nine months after his inauguration, Obama was named the <span class=\"new\">2009 Nobel Peace Prize</span> laureate. ABCD</p>\n\n<p>During his first two years in office, Obama signed into law <span class=\"new\">economic stimulus</span> legislation in response to the <span class=\"new\">Great Recession</span> in the form of the <span class=\"new\">American Recovery and Reinvestment Act of 2009</span> and the <span class=\"new\">Tax Relief, Unemployment Insurance Reauthorization, and Job Creation Act of 2010</span>. Other major domestic initiatives in his first term included the <span class=\"new\">Patient Protection and Affordable Care Act</span>, often referred to as \"Obamacare\"; the <span class=\"new\">Dodd–Frank Wall Street Reform and Consumer Protection Act</span>; and the <span class=\"new\">Don't Ask, Don't Tell Repeal Act of 2010</span>. In foreign policy, Obama <span class=\"new\">ended U.S. military involvement</span> in the <span class=\"new\">Iraq War</span>, increased U.S. troop levels in <span class=\"new\">Afghanistan</span>, signed the <span class=\"new\">New START</span> arms control treaty with <a href=\"/wiki/Russia\" title=\"Russia\">Russia</a>, ordered <span class=\"new\">U.S. military involvement in Libya</span> in opposition to <span class=\"new\">Muammar Gaddafi</span>, and ordered the military operation that resulted in the <span class=\"new\">death of Osama bin Laden</span>. In January 2011, <span class=\"new\">the Republicans regained control of the House of Representatives</span> as the Democratic Party lost a total of 63 seats; and, after a lengthy debate over federal spending and whether or not to raise the nation's <span class=\"new\">debt limit</span>, Obama signed the <span class=\"new\">Budget Control Act of 2011</span> and the <span class=\"new\">American Taxpayer Relief Act of 2012</span>.</p>\n\n<p>Obama was <span class=\"new\">reelected president</span> in November 2012, defeating Republican nominee <span class=\"new\">Mitt Romney</span>, and was <span class=\"new\">sworn in for a second term</span> on January 20, 2013. During his second term, Obama has promoted domestic policies related to <span class=\"new\">gun control</span> in response to the <span class=\"new\">Sandy Hook Elementary School shooting</span>, and has called for greater inclusiveness for <span class=\"new\">LGBT Americans</span>, while his administration has filed briefs which urged the <span class=\"new\">Supreme Court</span> to strike down part of the federal <span class=\"new\">Defense of Marriage Act</span> and state level <span class=\"new\">same-sex marriage</span> bans as unconstitutional. In foreign policy, Obama ordered <span class=\"new\">U.S. military intervention in Iraq</span> in response to <span class=\"new\">gains made</span> by the <span class=\"new\">Islamic State</span> after the <span class=\"new\">2011 withdrawal from Iraq</span>, continued the process of <span class=\"new\">ending U.S. combat operations in Afghanistan</span>, promoted discussions that led to the 2015 <span class=\"new\">Paris Agreement</span> on global climate change, brokered a <span class=\"new\">nuclear deal with Iran</span>, and <span class=\"new\">normalized</span> <span class=\"new\">U.S. relations with Cuba</span>.</p>\n\n"
    },
    {
      "id": 1,
      "toclevel": 1,
      "anchor": "Early_life_and_career",
      "line": "Early life and career"
    },
    {
      "id": 2,
      "toclevel": 2,
      "anchor": "Community_organizer_and_Harvard_Law_School",
      "line": "Community organizer and Harvard Law School"
    },
    {
      "id": 3,
      "toclevel": 2,
      "anchor": "University_of_Chicago_Law_School_and_civil_rights_attorney",
      "line": "University of Chicago Law School and civil rights attorney"
    },
    {
      "id": 4,
      "toclevel": 1,
      "anchor": "Legislative_career,_1997–2008",
      "line": "Legislative career, 1997–2008"
    },
    {
      "id": 5,
      "toclevel": 2,
      "anchor": "Illinois_State_Senator_(1997–2004)",
      "line": "Illinois State Senator (1997–2004)"
    },
    {
      "id": 6,
      "toclevel": 2,
      "anchor": "2004_U.S._Senate_campaign",
      "line": "2004 U.S. Senate campaign"
    },
    {
      "id": 7,
      "toclevel": 2,
      "anchor": "U.S._Senator_from_Illinois_(2005–08)",
      "line": "U.S. Senator from Illinois (2005–08)"
    },
    {
      "id": 8,
      "toclevel": 3,
      "anchor": "Legislation",
      "line": "Legislation"
    },
    {
      "id": 9,
      "toclevel": 3,
      "anchor": "Committees",
      "line": "Committees"
    },
    {
      "id": 10,
      "toclevel": 1,
      "anchor": "Presidential_campaigns",
      "line": "Presidential campaigns"
    },
    {
      "id": 11,
      "toclevel": 2,
      "anchor": "2008_presidential_campaign",
      "line": "2008 presidential campaign"
    },
    {
      "id": 12,
      "toclevel": 2,
      "anchor": "2012_presidential_campaign",
      "line": "2012 presidential campaign"
    },
    {
      "id": 13,
      "toclevel": 1,
      "anchor": "Presidency_(2009–present)",
      "line": "Presidency (2009–present)"
    },
    {
      "id": 14,
      "toclevel": 2,
      "anchor": "First_days",
      "line": "First days"
    },
    {
      "id": 15,
      "toclevel": 2,
      "anchor": "Domestic_policy",
      "line": "Domestic policy"
    },
    {
      "id": 16,
      "toclevel": 3,
      "anchor": "LGBT_rights",
      "line": "LGBT rights"
    },
    {
      "id": 17,
      "toclevel": 3,
      "anchor": "White_House_advisory_and_oversight_groups",
      "line": "White House advisory and oversight groups"
    },
    {
      "id": 18,
      "toclevel": 3,
      "anchor": "Economic_policy",
      "line": "Economic policy"
    },
    {
      "id": 19,
      "toclevel": 3,
      "anchor": "Environmental_policy",
      "line": "Environmental policy"
    },
    {
      "id": 20,
      "toclevel": 3,
      "anchor": "Health_care_reform",
      "line": "Health care reform"
    },
    {
      "id": 21,
      "toclevel": 3,
      "anchor": "Energy_policy",
      "line": "Energy policy"
    },
    {
      "id": 22,
      "toclevel": 3,
      "anchor": "Gun_control",
      "line": "Gun control"
    },
    {
      "id": 23,
      "toclevel": 3,
      "anchor": "2010_midterm_elections",
      "line": "2010 midterm elections"
    },
    {
      "id": 24,
      "toclevel": 3,
      "anchor": "Cybersecurity_and_Internet_policy",
      "line": "Cybersecurity and Internet policy"
    },
    {
      "id": 25,
      "toclevel": 2,
      "anchor": "Foreign_policy",
      "line": "Foreign policy"
    },
    {
      "id": 26,
      "toclevel": 3,
      "anchor": "War_in_Iraq",
      "line": "War in Iraq"
    },
    {
      "id": 27,
      "toclevel": 3,
      "anchor": "War_in_Afghanistan",
      "line": "War in Afghanistan"
    },
    {
      "id": 28,
      "toclevel": 3,
      "anchor": "Israel",
      "line": "Israel"
    },
    {
      "id": 29,
      "toclevel": 3,
      "anchor": "Libya",
      "line": "Libya"
    },
    {
      "id": 30,
      "toclevel": 3,
      "anchor": "Syrian_Civil_War",
      "line": "Syrian Civil War"
    },
    {
      "id": 31,
      "toclevel": 3,
      "anchor": "Osama_bin_Laden",
      "line": "Osama bin Laden"
    },
    {
      "id": 32,
      "toclevel": 3,
      "anchor": "Iran_nuclear_talks",
      "line": "Iran nuclear talks"
    },
    {
      "id": 33,
      "toclevel": 3,
      "anchor": "Relations_with_Cuba",
      "line": "Relations with Cuba"
    },
    {
      "id": 34,
      "toclevel": 3,
      "anchor": "Africa",
      "line": "Africa"
    },
    {
      "id": 35,
      "toclevel": 1,
      "anchor": "Cultural_and_political_image",
      "line": "Cultural and political image"
    },
    {
      "id": 36,
      "toclevel": 1,
      "anchor": "Family_and_personal_life",
      "line": "Family and personal life"
    },
    {
      "id": 37,
      "toclevel": 2,
      "anchor": "Religious_views",
      "line": "Religious views"
    },
    {
      "id": 38,
      "toclevel": 1,
      "anchor": "Notes_and_references",
      "line": "Notes and references"
    },
    {
      "id": 39,
      "toclevel": 2,
      "anchor": "Notes",
      "line": "Notes"
    },
    {
      "id": 40,
      "toclevel": 2,
      "anchor": "References",
      "line": "References"
    },
    {
      "id": 41,
      "toclevel": 2,
      "anchor": "Further_reading",
      "line": "Further reading"
    },
    {
      "id": 42,
      "toclevel": 1,
      "anchor": "External_links",
      "line": "External links"
    }
  ]
}